Client Name,Year,Billable_Hours,Gross
Tyler Group,2003,122958,14339272.16
Tyler Group,2007,138337,13433450.89
Tyler Group,2008,375871,32344489.21
Tyler Group,2009,322879,37484046.56
Tyler Group,2010,268455,32275246.7
Tyler Group,2023,347622,27810337.42
Tyler Group,2024,124855,9720642.01
Tyler Group,2025,329947,41803308.71
House Ltd,2023,4890,478144.52
House Ltd,2024,418113,41988992.25
"Anderson, Fernandez and Rodriguez",2002,383318,38725287.74
"Anderson, Fernandez and Rodriguez",2003,299064,28538775.49
"Anderson, Fernandez and Rodriguez",2004,282601,25741501.57
"Anderson, Fernandez and Rodriguez",2005,466625,46364029.47
"Anderson, Fernandez and Rodriguez",2006,100299,10454542.36
"Anderson, Fernandez and Rodriguez",2007,24247,2696039.6
"Anderson, Fernandez and Rodriguez",2008,349951,27246056.48
"Anderson, Fernandez and Rodriguez",2009,314358,27764189.31
"Anderson, Fernandez and Rodriguez",2010,265712,33443105.97
"Anderson, Fernandez and Rodriguez",2011,130312,14851554.04
"Anderson, Fernandez and Rodriguez",2013,327649,21623092.06
"Anderson, Fernandez and Rodriguez",2023,352279,39239243.61
"Anderson, Fernandez and Rodriguez",2024,124684,13619061.7
"Anderson, Fernandez and Rodriguez",2025,376396,52196134.77
"Spencer, Perez and Hall",2002,215020,30578885.27
"Spencer, Perez and Hall",2003,219126,16547834.12
"Spencer, Perez and Hall",2004,254618,20955965.88
"Spencer, Perez and Hall",2005,412357,23120164.86
"Smith, Carr and Boyer",2016,199286,21480191.48
"Smith, Carr and Boyer",2017,380989,40878227.01
"Smith, Carr and Boyer",2018,436773,41675029.12
"Smith, Carr and Boyer",2019,443141,55946117.87
"Smith, Carr and Boyer",2020,76766,8760737.46
"Smith, Carr and Boyer",2021,455589,33989179.84
"Smith, Carr and Boyer",2022,403690,24599585.93
"Smith, Carr and Boyer",2023,492314,40999959.28
"Smith, Carr and Boyer",2024,336674,26877726.5
"Smith, Carr and Boyer",2025,440792,49943769.89
Curtis-Carroll,2017,66318,6665878.91
Curtis-Carroll,2018,375325,42768012.78
Curtis-Carroll,2019,318824,29982520.19
Curtis-Carroll,2020,481671,49886433.02
Baker Ltd,2007,110751,11210955.63
Baker Ltd,2008,459949,32606500.18
Baker Ltd,2009,23671,3012370.97
Baker Ltd,2010,466298,59118990.87
Baker Ltd,2011,143483,13916274.72
Baker Ltd,2012,363833,51631823.54
Baker Ltd,2013,467872,37014428.96
Baker Ltd,2014,309987,29293327.87
Baker Ltd,2017,148443,15438096.61
Baker Ltd,2018,175088,17370799.82
Baker Ltd,2019,445623,57668515.97
Baker Ltd,2020,144946,19107585.45
Baker Ltd,2021,185423,19940408.12
Baker Ltd,2022,244548,20425029.22
Baker Ltd,2023,78505,9029695.27
Baker Ltd,2024,286472,24901694.81
Baker Ltd,2025,59871,6853742.81
Hernandez and Sons,2008,202163,24585086.3
Hernandez and Sons,2022,411645,42637901.22
Hernandez and Sons,2023,151810,14462909.77
Hernandez and Sons,2024,361032,40928244.19
Hernandez and Sons,2025,46714,4579106.81
Adams Group,2006,106983,9277640.96
Adams Group,2007,439452,51369755.24
Adams Group,2008,125019,11049645.34
Adams Group,2009,255079,26860313.48
Adams Group,2010,417309,46860918.25
Adams Group,2011,274237,23120346.71
Washington Ltd,2002,11729,1484015.41
Washington Ltd,2003,499863,61826029.01
Washington Ltd,2004,443905,50177093.39
Washington Ltd,2005,221984,25724268.5
Washington Ltd,2006,78575,8350413.71
Washington Ltd,2007,407619,47582849.76
Washington Ltd,2008,125862,8670179.41
"Peterson, Perry and Cain",2011,56609,6649678.47
"Peterson, Perry and Cain",2012,71313,8112113.47
"Peterson, Perry and Cain",2013,413724,30584580.52
"Peterson, Perry and Cain",2014,481358,58809076.96
"Peterson, Perry and Cain",2015,433950,49460402.21
"Peterson, Perry and Cain",2016,234841,21772711.3
Johnson-Rocha,2008,29251,3389664.97
Johnson-Rocha,2017,33217,3802532.5
Johnson-Rocha,2018,329761,48001977.42
Johnson-Rocha,2023,178247,15842346.75
Johnson-Rocha,2024,135415,14809672.55
Johnson-Rocha,2025,17964,1826546.9
"Paul, Flores and Ball",2002,145356,10909619.63
"Paul, Flores and Ball",2003,10435,890480.23
"Paul, Flores and Ball",2004,227507,20190563.04
"Paul, Flores and Ball",2005,122172,10029966.07
"Paul, Flores and Ball",2006,24049,2774591.98
"Paul, Flores and Ball",2007,127131,13441374.73
"Paul, Flores and Ball",2008,10540,1246547.44
"Paul, Flores and Ball",2009,189751,21458379.05
"Paul, Flores and Ball",2010,150143,16379341.45
"Paul, Flores and Ball",2011,354824,34161248.62
"Paul, Flores and Ball",2012,39304,4366052.19
"Paul, Flores and Ball",2013,152836,12086077.49
"Paul, Flores and Ball",2014,26351,2671593.25
"Paul, Flores and Ball",2015,208869,24519485.87
"Paul, Flores and Ball",2016,158164,17339010.63
"Paul, Flores and Ball",2017,427712,52744890.87
"Paul, Flores and Ball",2018,310439,28855992.11
"Paul, Flores and Ball",2019,18955,1999341.68
"Watson, Vega and Clarke",2002,62476,5626374.61
"Watson, Vega and Clarke",2006,175358,19369029.99
"Watson, Vega and Clarke",2007,179031,18823174.14
"Watson, Vega and Clarke",2008,40954,4002762.53
"Watson, Vega and Clarke",2009,196967,19363065.34
"Watson, Vega and Clarke",2010,140407,15335937.39
"Watson, Vega and Clarke",2011,238027,24083932.66
"Watson, Vega and Clarke",2012,264206,22400888.06
"Watson, Vega and Clarke",2013,10348,1179881.44
"Watson, Vega and Clarke",2014,90930,8096615.97
"Watson, Vega and Clarke",2015,209124,27462468.1
"Watson, Vega and Clarke",2016,182415,14504426.66
"Watson, Vega and Clarke",2017,317837,39318359.24
"Watson, Vega and Clarke",2018,158504,18638450.58
"Watson, Vega and Clarke",2019,167981,19794209.13
"Watson, Vega and Clarke",2020,249683,24656472.69
Torres-Schroeder,2002,141507,14624478.01
Torres-Schroeder,2003,452015,42049765.34
Torres-Schroeder,2004,62629,6702612.71
Torres-Schroeder,2005,24960,2901824.1
Torres-Schroeder,2006,193714,25056154.46
Torres-Schroeder,2007,424570,63475307.02
Torres-Schroeder,2008,315782,43176137.27
Torres-Schroeder,2009,200938,23042051.44
Torres-Schroeder,2010,67203,6731172.41
Torres-Schroeder,2011,324673,27390475.43
"Henderson, Barnes and Hughes",2011,267979,26508130.62
"Henderson, Barnes and Hughes",2012,368760,25493121.06
"Henderson, Barnes and Hughes",2013,28532,3575437.99
"Henderson, Barnes and Hughes",2014,399929,39679140.86
"Henderson, Barnes and Hughes",2015,169964,15282387.28
"Henderson, Barnes and Hughes",2016,28712,3226948.51
"Henderson, Barnes and Hughes",2017,194752,21545886.78
"Henderson, Barnes and Hughes",2018,309684,26372553.06
"Henderson, Barnes and Hughes",2019,192172,21988389.02
"Henderson, Barnes and Hughes",2020,51612,5211029.15
"Henderson, Barnes and Hughes",2021,450613,49775575.23
"Henderson, Barnes and Hughes",2022,317076,38184262.87
"Henderson, Barnes and Hughes",2023,37187,3703598.06
"Henderson, Barnes and Hughes",2024,190089,20845675.85
Murphy Group,2011,337107,31633734.71
Murphy Group,2012,174880,20762283.05
Murphy Group,2013,340853,34700411.83
Murphy Group,2014,82317,9753510.45
Murphy Group,2021,26934,2908207.16
Murphy Group,2022,477467,46218809.26
Murphy Group,2023,184401,22392631.01
Murphy Group,2024,434027,43760370.9
Murphy Group,2025,6569,653784.19
Holloway-Adams,2002,144087,16551320.82
Holloway-Adams,2003,138162,10723938.53
Holloway-Adams,2004,388971,49191853.71
Holloway-Adams,2005,338841,33597708.49
Holloway-Adams,2006,58108,5054896.88
Holloway-Adams,2007,150849,15766327.89
Holloway-Adams,2008,92865,10408681.64
Holloway-Adams,2009,404694,49091800.97
Holloway-Adams,2010,381975,34729717.83
Holloway-Adams,2011,313572,41643401.59
Holloway-Adams,2020,394271,35143082.28
Holloway-Adams,2021,148820,9753717.06
Holloway-Adams,2022,259930,39528211.63
Holloway-Adams,2023,119033,12868605.43
Holloway-Adams,2024,167926,14630587.15
Holloway-Adams,2025,51448,4219422.84
Reyes Ltd,2005,48915,3802821.84
Reyes Ltd,2006,83152,8085786.27
Reyes Ltd,2007,27069,2738941.97
Reyes Ltd,2008,363920,33126444.56
Reyes Ltd,2009,49447,5152167.97
Reyes Ltd,2010,190728,15565021.69
Reyes Ltd,2011,2605,256471.26
Reyes Ltd,2012,145990,11148572.09
Reyes Ltd,2013,419034,38690528.17
Reyes Ltd,2014,219958,25247931.45
Reyes Ltd,2015,478687,55154636.42
Reyes Ltd,2016,245761,27501030.58
Reyes Ltd,2023,138541,17527448.55
Reyes Ltd,2024,236659,18131309.5
Reyes Ltd,2025,242983,19871167.85
"Kemp, Walsh and Jones",2007,48362,4148474.83
"Kemp, Walsh and Jones",2008,66545,7170757.87
"Kemp, Walsh and Jones",2009,428603,31749590.05
"Kemp, Walsh and Jones",2010,413432,42944836.64
"Kemp, Walsh and Jones",2011,43078,5325018.15
"Kemp, Walsh and Jones",2012,263379,27713776.52
"Kemp, Walsh and Jones",2013,168231,17119958.74
"Kemp, Walsh and Jones",2014,9007,1164123.72
"Kemp, Walsh and Jones",2015,16524,2013898.49
"Kemp, Walsh and Jones",2016,126501,13343256.52
"Kemp, Walsh and Jones",2017,207118,21583608.76
"Kemp, Walsh and Jones",2022,336484,23673377.88
"Kemp, Walsh and Jones",2023,166088,15996743.56
"Kemp, Walsh and Jones",2024,390940,34281141.51
"Kemp, Walsh and Jones",2025,481703,51199027.65
Fleming and Sons,2001,268552,25533301.47
Fleming and Sons,2002,329800,37908522.84
Fleming and Sons,2003,265480,22973124.66
Fleming and Sons,2004,175944,15342107.04
Fleming and Sons,2005,161558,20737321.47
Fleming and Sons,2006,65772,6363987.71
Martinez Ltd,2006,135828,15401126.65
Martinez Ltd,2007,387858,53021147.18
Martinez Ltd,2008,389349,38616679.39
Martinez Ltd,2009,77077,6767669.04
Martinez Ltd,2010,336463,34346556.73
Martinez Ltd,2011,196716,24893429.7
Martinez Ltd,2012,315473,31833452.22
Martinez Ltd,2013,179595,14565426.46
Martinez Ltd,2014,101158,8186168.14
Martinez Ltd,2015,469276,55774682.7
"Oliver, Day and Mendoza",2010,496732,62594012.9
"Oliver, Day and Mendoza",2011,467725,41889026.59
"Oliver, Day and Mendoza",2012,320905,40150475.44
"Oliver, Day and Mendoza",2013,465051,32056137.31
"Oliver, Day and Mendoza",2014,384152,38022197.1
"Oliver, Day and Mendoza",2015,159768,13170425.82
"Oliver, Day and Mendoza",2016,444056,34379368.39
"Oliver, Day and Mendoza",2017,152878,16116076.2
"Oliver, Day and Mendoza",2018,355518,32208996.11
"Oliver, Day and Mendoza",2019,422168,21536319.74
"Oliver, Day and Mendoza",2020,94607,10025531.04
"Oliver, Day and Mendoza",2021,138717,15879103.49
"Oliver, Day and Mendoza",2022,301709,30732834.23
"Oliver, Day and Mendoza",2023,311914,28716560.71
"Oliver, Day and Mendoza",2024,338773,33028861.94
"Oliver, Day and Mendoza",2025,374048,38819044.03
Perez-Sanders,2004,77218,8231488.75
Perez-Sanders,2005,40986,3851685.89
Perez-Sanders,2006,328073,43701491.05
Perez-Sanders,2007,13175,1326975.03
Perez-Sanders,2008,122300,12026001.98
Diaz Ltd,2008,279176,22306685.99
Diaz Ltd,2009,168292,20514712.91
Diaz Ltd,2010,24236,2358470.21
Diaz Ltd,2011,231785,20677514.95
Diaz Ltd,2012,133351,14948376.83
Diaz Ltd,2013,139155,12121751.39
Diaz Ltd,2014,442501,46268867.13
Diaz Ltd,2015,218215,22898512.31
Diaz Ltd,2016,496553,53273191.98
Diaz Ltd,2017,318173,39158375.25
Diaz Ltd,2018,319277,43500246.48
Diaz Ltd,2019,432459,42697334.58
Diaz Ltd,2020,472627,21092412.82
Diaz Ltd,2021,193468,15851402.08
Diaz Ltd,2022,178900,20782943.34
Diaz Ltd,2023,453268,47521989.81
Diaz Ltd,2024,480361,53552469.02
Diaz Ltd,2025,151322,13799552.34
Pope-Boyd,2007,418978,37741157.32
Pope-Boyd,2008,422985,40334781.03
Pope-Boyd,2009,60129,4554792.75
Pope-Boyd,2012,461514,47826451.83
Pope-Boyd,2013,101424,10106871.99
Pope-Boyd,2014,35008,3693408.37
Pope-Boyd,2015,29145,3355053.02
Pope-Boyd,2016,217541,19456205.82
Pope-Boyd,2017,270104,21420019.13
Pope-Boyd,2018,357150,43313946.91
Pope-Boyd,2019,448972,54648153.1
Pope-Boyd,2020,147968,16821638.32
Pope-Boyd,2021,422151,46813814.32
Pope-Boyd,2022,144254,13809002.82
Pope-Boyd,2023,287214,25226583.56
"Walker, Velez and Rogers",2024,477657,58414808.0
Hall-Ross,2004,67150,4485279.75
Hall-Ross,2005,122826,12723901.01
Hall-Ross,2006,491457,64295415.11
Hall-Ross,2007,451062,62199792.96
Hall-Ross,2008,114824,14265825.92
Hall-Ross,2009,212837,19606939.02
Hall-Ross,2010,408135,36431419.67
Hall-Ross,2011,17371,1439108.08
Hall-Ross,2012,296183,31520609.3
Hall-Ross,2013,365809,39154477.78
Hall-Ross,2014,217752,18782946.17
Todd-Villarreal,2021,33413,3481664.96
Todd-Villarreal,2022,262044,33905454.33
Todd-Villarreal,2023,212760,21667233.82
Todd-Villarreal,2024,132878,13236228.73
Todd-Villarreal,2025,161829,17205136.36
Brown Ltd,2002,304988,36970344.93
Brown Ltd,2003,303186,28512423.36
Brown Ltd,2004,119533,12785662.08
Brown Ltd,2005,67262,8716590.16
Brown Ltd,2006,420901,45517351.72
Brown Ltd,2007,8906,943971.7
Brown Ltd,2008,35701,4409112.25
Brown Ltd,2012,243615,22886414.5
Brown Ltd,2013,390159,48449833.08
Brown Ltd,2014,82121,8510953.0
Brown Ltd,2015,113217,10713485.82
Brown Ltd,2016,404119,43274213.97
Brown Ltd,2017,378149,47008348.72
Brown Ltd,2018,133663,14863807.24
Brown Ltd,2019,87231,10362715.34
Brown Ltd,2020,491042,62044532.26
Brown Ltd,2021,374929,36127798.94
Brown Ltd,2022,54947,4849497.22
"Dodson, Gray and Vargas",2017,154962,14065215.14
"Dodson, Gray and Vargas",2021,93241,10374576.75
"Dodson, Gray and Vargas",2022,219335,18313472.91
"Dodson, Gray and Vargas",2023,129232,14402944.22
"Dodson, Gray and Vargas",2024,259722,28255451.39
"Dodson, Gray and Vargas",2025,30257,2784865.39
Wolfe Group,2021,158732,12874787.57
Wolfe Group,2022,84807,9796532.75
Wolfe Group,2023,327032,30774703.39
Wolfe Group,2024,284097,30072838.92
Wolfe Group,2025,153499,15735507.72
Jackson-Odonnell,2010,124786,13399699.0
Jackson-Odonnell,2011,228286,24283126.6
Jackson-Odonnell,2024,233732,27827190.14
Jackson-Odonnell,2025,495364,65746299.7
Herrera Ltd,2013,454761,54498860.87
Herrera Ltd,2014,259916,28299186.33
Herrera Ltd,2015,195488,21523407.72
Gutierrez-Black,2016,471177,34297072.96
Gutierrez-Black,2017,239360,34004439.12
Gutierrez-Black,2018,284707,19347461.01
Gutierrez-Black,2023,463132,37133267.49
Gutierrez-Black,2024,193860,16573053.28
Gutierrez-Black,2025,308003,45105158.64
"Jacobs, Edwards and Gallagher",2006,445243,55271072.61
"Jacobs, Edwards and Gallagher",2007,75744,7113320.8
"Jacobs, Edwards and Gallagher",2008,83503,6806062.03
"Jacobs, Edwards and Gallagher",2009,103471,10615130.74
"Jacobs, Edwards and Gallagher",2010,369805,33644767.38
"Jacobs, Edwards and Gallagher",2011,65288,8409619.09
"Jacobs, Edwards and Gallagher",2012,207376,20579625.31
"Jacobs, Edwards and Gallagher",2013,170631,13021604.86
"Jacobs, Edwards and Gallagher",2014,206735,14547912.43
"Jacobs, Edwards and Gallagher",2015,50153,4787531.25
"Jacobs, Edwards and Gallagher",2016,213133,19250614.08
"Jacobs, Edwards and Gallagher",2017,213977,25137867.61
"Jacobs, Edwards and Gallagher",2018,320804,35420627.71
"Jacobs, Edwards and Gallagher",2019,237293,26087774.71
"Jacobs, Edwards and Gallagher",2020,365359,38734055.14
"Jacobs, Edwards and Gallagher",2021,407845,47513941.58
"Jacobs, Edwards and Gallagher",2022,274797,39194844.06
"Jacobs, Edwards and Gallagher",2023,99818,9292910.94
"Jacobs, Edwards and Gallagher",2024,73715,6444846.99
"Jacobs, Edwards and Gallagher",2025,342292,45045361.97
"Weiss, Scott and Miller",2017,29380,3299202.41
"Weiss, Scott and Miller",2018,115994,8920039.1
"Weiss, Scott and Miller",2019,266064,30676426.18
"Weiss, Scott and Miller",2020,272090,33371950.76
"Weiss, Scott and Miller",2021,60321,6608382.33
"Weiss, Scott and Miller",2022,472555,82601179.36
"Weiss, Scott and Miller",2023,343962,37410998.29
"Weiss, Scott and Miller",2024,163932,17823442.24
"Weiss, Scott and Miller",2025,439566,43290639.66
Carr-Ray,2019,43229,4426327.06
Carr-Ray,2020,320200,26838435.92
Carr-Ray,2021,417495,45247342.82
Carr-Ray,2022,290060,22590132.57
Carr-Ray,2023,167205,16224840.0
Carr-Ray,2024,102459,12189197.19
Osborne-Bowen,2000,388962,46306508.99
Osborne-Bowen,2001,230027,32365656.57
Osborne-Bowen,2011,381298,39736570.22
Osborne-Bowen,2012,339763,27065786.45
Osborne-Bowen,2013,246011,23186971.36
Osborne-Bowen,2014,370947,23902442.43
Osborne-Bowen,2015,465868,43071689.23
Payne-Jordan,2001,346454,50721150.58
Payne-Jordan,2002,444324,34059358.05
Payne-Jordan,2003,263425,20244353.1
Payne-Jordan,2004,218285,19459748.54
Price-Johnson,2002,419827,30498679.49
Price-Johnson,2003,133311,12338892.24
Price-Johnson,2004,7570,857635.06
Price-Johnson,2005,13115,1091390.61
Price-Johnson,2006,124008,14167663.13
Price-Johnson,2007,276813,35462956.46
Price-Johnson,2008,147649,14686286.51
Price-Johnson,2009,29625,3122419.06
Price-Johnson,2010,174895,19803590.89
Price-Johnson,2023,102376,10361295.58
Price-Johnson,2024,111169,9467526.97
Price-Johnson,2025,411303,39708163.44
Fernandez-Jones,2004,159280,13024971.42
Fernandez-Jones,2005,434098,60755365.53
Fernandez-Jones,2006,459181,41082289.34
Fernandez-Jones,2007,246014,24417381.28
Fernandez-Jones,2008,92736,8011224.4
Fernandez-Jones,2009,390113,31264529.75
Fernandez-Jones,2010,140999,10748106.34
Fernandez-Jones,2011,326593,40171445.76
Fernandez-Jones,2012,340720,35984178.74
Fernandez-Jones,2013,167703,19372762.2
Fernandez-Jones,2014,421814,33887039.34
"Carter, Olson and Butler",2008,485271,51317115.66
"Carter, Olson and Butler",2009,25596,2491807.25
"Carter, Olson and Butler",2010,60182,4689026.43
"Carter, Olson and Butler",2011,46379,6027039.7
"Carter, Olson and Butler",2012,441097,52608287.5
"Carter, Olson and Butler",2013,174724,20217607.39
"Carter, Olson and Butler",2014,122999,10653596.11
"Carter, Olson and Butler",2015,232513,19604182.7
"Carter, Olson and Butler",2016,377158,39135368.61
"Carter, Olson and Butler",2017,311512,27911105.1
"Carter, Olson and Butler",2018,156683,14530048.55
"Carter, Olson and Butler",2019,43668,5056593.81
Williamson LLC,2013,212830,25926829.77
Williamson LLC,2014,82929,7494703.41
Williamson LLC,2015,32401,3978640.96
Williamson LLC,2016,111641,11591161.95
Williamson LLC,2017,163982,16064136.97
Williamson LLC,2018,261337,28750606.25
Williamson LLC,2019,18633,1857407.98
Williamson LLC,2020,93578,9112776.59
Williamson LLC,2021,58993,5654454.11
Williamson LLC,2022,258681,20006643.27
Williamson LLC,2023,295054,36808652.82
Williamson LLC,2024,301611,30539515.53
Williamson LLC,2025,485518,65806546.64
Wagner Inc,2009,279600,32002139.73
Wagner Inc,2010,69008,7549195.76
Wagner Inc,2011,462227,48921436.09
Wagner Inc,2012,319693,32064270.73
Wagner Inc,2013,75069,7254274.82
Wagner Inc,2014,413417,25906144.7
Wagner Inc,2015,132733,12971385.41
Wagner Inc,2016,43828,4636750.02
Wagner Inc,2017,351877,28199730.54
Wagner Inc,2018,161400,11553252.27
Wagner Inc,2021,336126,29856406.05
Wagner Inc,2022,223724,26840409.2
Wagner Inc,2023,145467,13632501.02
Wagner Inc,2024,92878,9701747.55
Wagner Inc,2025,119413,10176550.97
Marks-Orozco,2002,125481,12055139.51
Marks-Orozco,2003,390954,27421545.14
Marks-Orozco,2004,37035,4374487.74
Marks-Orozco,2005,203043,26791333.72
Marks-Orozco,2006,229590,25950636.7
Marks-Orozco,2007,46033,5742080.07
Marks-Orozco,2008,488247,39598476.29
Marks-Orozco,2009,204981,22986635.52
Marks-Orozco,2010,399872,47640831.05
Marks-Orozco,2014,163624,14429248.91
Marks-Orozco,2015,146788,14370491.15
Phillips-Kirby,2018,249289,23197443.57
Phillips-Kirby,2019,148992,12795773.09
Phillips-Kirby,2020,226371,21721762.28
Phillips-Kirby,2021,252537,18270021.87
Phillips-Kirby,2022,466182,47686153.59
Phillips-Kirby,2023,360177,35163003.78
Phillips-Kirby,2024,489910,74325313.42
Phillips-Kirby,2025,161866,12472050.53
"Sheppard, Barajas and Dixon",2018,386423,28931692.89
"Sheppard, Barajas and Dixon",2019,494158,38888736.02
"Sheppard, Barajas and Dixon",2020,361867,33652400.6
"Sheppard, Barajas and Dixon",2021,409638,35695719.29
Gibson PLC,2002,490626,60073464.83
Gibson PLC,2003,404172,34947731.95
Gibson PLC,2004,7548,632120.6
Gibson PLC,2005,155249,14207877.45
Gibson PLC,2006,322497,33428766.68
Gibson PLC,2007,101689,7469220.48
Gibson PLC,2008,404850,34640645.83
Gibson PLC,2009,259230,21196002.07
Gibson PLC,2010,427577,46582334.73
Gibson PLC,2011,289179,34448150.64
Gibson PLC,2012,353680,33741347.27
Gibson PLC,2013,138244,13657368.08
"Reyes, Hudson and Clark",2001,254211,24447642.8
"Reyes, Hudson and Clark",2002,422818,40546705.8
"Reyes, Hudson and Clark",2003,57492,5317278.67
"Reyes, Hudson and Clark",2004,64936,6834397.33
"Reyes, Hudson and Clark",2010,90570,7673206.98
"Reyes, Hudson and Clark",2011,351484,27974472.75
Fuentes and Sons,2006,239340,20036241.4
Fuentes and Sons,2007,137511,14508422.97
Fuentes and Sons,2008,62063,6981388.72
Fuentes and Sons,2009,446377,40087952.96
Fuentes and Sons,2010,174672,16877675.19
Fuentes and Sons,2011,349349,40057560.21
Fuentes and Sons,2012,280297,25070571.71
Fuentes and Sons,2013,113990,11806946.82
Fuentes and Sons,2014,177072,15286454.57
Fuentes and Sons,2021,318563,31863410.1
Fuentes and Sons,2022,340115,29261265.03
Fuentes and Sons,2023,253791,33342524.59
Fuentes and Sons,2024,38643,4451394.7
Fuentes and Sons,2025,160116,14886711.79
"Palmer, Johnson and Tran",2023,226942,28672575.17
"Palmer, Johnson and Tran",2024,452157,65798641.41
"Palmer, Johnson and Tran",2025,145129,12745325.74
Ramos Inc,2006,156930,17890578.48
Ramos Inc,2007,371965,32125258.46
Ramos Inc,2015,257695,30372910.88
Ramos Inc,2016,364748,32590788.78
Ramos Inc,2017,234103,25269814.33
Ramos Inc,2018,457162,49011469.43
Ramos Inc,2019,242130,23642255.11
Ramos Inc,2020,77865,8052655.48
Ramos Inc,2021,118235,12335666.71
Collins Group,2021,195509,17871482.73
Collins Group,2022,90464,9650688.32
Collins Group,2023,417978,60857456.44
Collins Group,2024,10596,1131673.24
Collins Group,2025,336589,30761821.34
Williams-Myers,2013,191868,14901330.51
Williams-Myers,2014,453880,36711591.09
Williams-Myers,2015,488949,60978707.77
Williams-Myers,2016,299871,26964114.96
Williams-Myers,2017,247353,29243014.64
Williams-Myers,2018,318650,20847789.92
Williams-Myers,2019,460293,55778365.36
Williams-Myers,2020,213652,21142166.67
Williams-Myers,2021,256158,25213436.98
Williams-Myers,2022,22621,2572343.47
Williams-Myers,2023,297195,33216174.47
Williams-Myers,2024,4471,491464.27
Williams-Myers,2025,140401,13290727.54
"Gonzalez, Spencer and Sanchez",2021,84820,8185621.26
"Gonzalez, Spencer and Sanchez",2022,288266,26646999.47
"Gonzalez, Spencer and Sanchez",2023,134168,13591540.43
"Gonzalez, Spencer and Sanchez",2024,372043,31614967.92
"Gonzalez, Spencer and Sanchez",2025,357992,50920802.9
"Lowery, Dunn and Moran",2003,126736,11423016.49
"Lowery, Dunn and Moran",2010,408191,36379760.86
"Lowery, Dunn and Moran",2011,133503,10160356.49
"Lowery, Dunn and Moran",2012,20675,2337445.86
"Lowery, Dunn and Moran",2013,487799,48344197.34
"Lowery, Dunn and Moran",2014,134715,14186091.7
"Lowery, Dunn and Moran",2015,410108,46913743.5
"Lowery, Dunn and Moran",2016,408505,42562830.73
"Lowery, Dunn and Moran",2017,252351,25625621.25
"Lowery, Dunn and Moran",2018,112487,11285249.87
"Lowery, Dunn and Moran",2019,252924,23777257.31
"Lowery, Dunn and Moran",2020,281466,21368748.75
"Lowery, Dunn and Moran",2021,306035,27042976.54
"Lowery, Dunn and Moran",2022,482769,36172720.89
"Lowery, Dunn and Moran",2023,265480,28311278.38
Martin-Reeves,2006,178832,21428943.18
Martin-Reeves,2007,461385,29267135.78
Martin-Reeves,2008,84457,8971222.87
Martin-Reeves,2009,122673,12750230.47
Sloan Inc,2008,75071,9633726.65
Sloan Inc,2009,71202,6698525.33
Sloan Inc,2010,327022,40978113.88
Sloan Inc,2011,10283,1203100.54
Sloan Inc,2012,281277,23521248.85
Sloan Inc,2013,450916,43799804.23
Sloan Inc,2014,175023,14808850.22
Sloan Inc,2015,19658,1675329.08
Sloan Inc,2016,426874,50230363.69
"Green, Turner and Kennedy",2002,335091,35694919.69
"Green, Turner and Kennedy",2003,262716,28645173.59
"Green, Turner and Kennedy",2004,172918,21205259.48
"Green, Turner and Kennedy",2005,209139,16436870.11
"Green, Turner and Kennedy",2006,274260,29600041.8
"Green, Turner and Kennedy",2007,296524,30150566.12
"Green, Turner and Kennedy",2008,222796,21860219.39
"Green, Turner and Kennedy",2009,368631,54108442.45
"Chandler, Brown and Robinson",2000,315900,30166692.3
"Chandler, Brown and Robinson",2001,402220,43791287.95
"Chandler, Brown and Robinson",2003,496384,59345756.31
"Chandler, Brown and Robinson",2020,209347,23805536.7
"Chandler, Brown and Robinson",2021,96665,7367394.55
"Chandler, Brown and Robinson",2022,213695,24039806.58
"Chandler, Brown and Robinson",2023,13763,1369840.61
"Chandler, Brown and Robinson",2024,372233,44288629.13
"Chandler, Brown and Robinson",2025,203041,25003151.0
Keller-Moore,2005,187987,19670404.2
Keller-Moore,2006,468874,35836435.59
Keller-Moore,2007,142559,11076505.39
Keller-Moore,2008,105648,12090935.75
Keller-Moore,2009,326422,28433347.22
Keller-Moore,2010,466122,54902140.22
Keller-Moore,2011,418168,48111719.0
Weaver LLC,2012,292660,32192915.48
Weaver LLC,2015,466453,36011607.29
Weaver LLC,2016,75567,6411080.37
Weaver LLC,2017,240472,23072964.68
Weaver LLC,2018,464001,60696804.48
Vang and Sons,2012,453891,42684177.01
Santana PLC,2008,466982,67864717.92
Santana PLC,2009,57307,5075276.0
Santana PLC,2010,211748,17713647.45
Santana PLC,2011,65307,5816368.91
Santana PLC,2012,143312,13772265.13
Santana PLC,2013,352853,37752096.16
Santana PLC,2014,334054,28094278.03
Santana PLC,2015,182572,18473876.63
Webb Group,2015,402067,35564240.67
Webb Group,2016,272312,24473908.28
Webb Group,2017,483604,51361002.38
Webb Group,2021,312822,36738694.84
Webb Group,2022,89668,8727128.63
Webb Group,2023,341146,29309878.34
Webb Group,2024,425475,36682559.49
Webb Group,2025,325968,24265556.38
Benson and Sons,2009,41197,4798485.9
Benson and Sons,2010,136450,11193504.05
Benson and Sons,2011,418216,36964175.5
Benson and Sons,2012,346519,42713218.95
Fitzgerald and Sons,2018,401012,37396989.03
Fitzgerald and Sons,2019,359182,45244502.89
Fitzgerald and Sons,2020,406821,44576109.61
Fitzgerald and Sons,2021,71448,7180625.92
Fitzgerald and Sons,2022,36634,4251042.02
Fitzgerald and Sons,2023,453734,36779523.25
Fitzgerald and Sons,2024,324179,29296266.53
Fitzgerald and Sons,2025,204196,20688778.89
Smith-Jones,2001,449614,61191457.87
Smith-Jones,2002,135832,14922595.28
Smith-Jones,2003,463785,43261778.69
Smith-Jones,2004,35542,3587876.05
Smith-Jones,2005,365256,32215465.14
Smith-Jones,2006,430852,58685419.43
Smith-Jones,2007,142130,14423251.55
Smith-Jones,2008,257453,21060488.54
Smith-Jones,2009,162445,19522104.4
Smith-Jones,2010,95475,9463043.33
Smith-Jones,2011,221972,19990019.32
Smith-Jones,2012,237440,27950514.27
"Nelson, Brown and Allen",2005,101123,9164609.65
"Nelson, Brown and Allen",2016,232496,21095056.16
"Nelson, Brown and Allen",2017,37027,3785789.33
"Nelson, Brown and Allen",2018,317456,24717032.31
"Nelson, Brown and Allen",2019,196119,15691423.54
"Nelson, Brown and Allen",2020,240511,21899791.73
"Nelson, Brown and Allen",2021,470924,52017542.22
"Nelson, Brown and Allen",2022,18297,1736277.26
"Nelson, Brown and Allen",2023,244166,31443566.83
"Nelson, Brown and Allen",2024,92575,11208910.36
Smith PLC,2002,180587,13932403.12
Smith PLC,2003,254593,21029726.4
Smith PLC,2004,204199,17922224.32
Smith PLC,2005,251100,21808807.65
Smith PLC,2006,216164,14350788.93
Smith PLC,2007,460537,40195517.17
Smith PLC,2008,324660,47021880.06
Smith PLC,2009,9556,1038710.52
Smith PLC,2010,51098,4632003.71
Smith PLC,2011,1340,163766.89
Smith PLC,2012,468243,56045430.44
Garcia-Wilson,2012,344676,27591586.84
Garcia-Wilson,2013,27762,2337228.69
Brown-Benson,2007,75965,8492744.11
Brown-Benson,2008,78988,8941065.62
Brown-Benson,2009,355165,35547773.67
Brown-Benson,2010,133212,13213792.74
Brown-Benson,2011,45789,5115179.49
Brown-Benson,2012,92088,9948313.11
Brown-Benson,2013,192083,20535050.26
Brown-Benson,2014,466918,64948059.83
Brown-Benson,2015,265598,28572694.51
Brown-Benson,2016,69344,6590974.39
Brown-Benson,2019,415299,54912147.92
Brown-Benson,2020,184043,18490818.93
Porter Ltd,2018,41510,4586349.63
Porter Ltd,2019,243700,32147150.96
Porter Ltd,2020,250877,29702372.68
Porter Ltd,2021,119325,13241776.84
Porter Ltd,2022,144016,13747490.04
Porter Ltd,2023,218144,24104479.54
Porter Ltd,2024,403980,41595391.11
Porter Ltd,2025,43727,5262985.43
"Moore, Allen and Schwartz",2008,357898,38283687.44
"Moore, Allen and Schwartz",2009,340208,39738284.36
"Moore, Allen and Schwartz",2010,42869,4329232.41
"Moore, Allen and Schwartz",2011,219401,18415729.58
"Moore, Allen and Schwartz",2021,72312,7720737.82
"Moore, Allen and Schwartz",2022,238199,26446099.18
"Moore, Allen and Schwartz",2023,228230,23396067.94
"Moore, Allen and Schwartz",2024,69487,6910231.82
"Moore, Allen and Schwartz",2025,130936,14265261.52
"Ellis, Smith and Morales",2007,428540,33236821.85
"Ellis, Smith and Morales",2008,279710,30235269.02
"Ellis, Smith and Morales",2009,212977,25248674.72
"Ellis, Smith and Morales",2010,163993,21802209.42
"Ellis, Smith and Morales",2011,15743,1432187.15
"Ellis, Smith and Morales",2012,236422,25686505.86
"Ellis, Smith and Morales",2013,177481,17608479.65
"Ellis, Smith and Morales",2014,321752,31313727.75
Fernandez-Ball,2014,200775,18704527.88
Fernandez-Ball,2015,167277,18817809.24
Fernandez-Ball,2016,465028,56531863.16
Fernandez-Ball,2017,400009,30467331.03
Fernandez-Ball,2018,114550,14227982.79
Fernandez-Ball,2019,392858,31978820.51
Fernandez-Ball,2020,171201,18501528.26
Fernandez-Ball,2021,334998,33084410.6
Fernandez-Ball,2022,16372,1498016.16
Fernandez-Ball,2023,55040,4805893.65
Fernandez-Ball,2024,368570,38935539.03
Fernandez-Ball,2025,474958,38678889.15
Jacobson PLC,2014,250134,20427666.28
Jacobson PLC,2015,290508,34356957.82
Jacobson PLC,2016,344567,36977670.85
Jacobson PLC,2017,421963,55705398.45
Jacobson PLC,2018,58505,5840824.44
Jacobson PLC,2019,449837,42456634.23
Jacobson PLC,2020,310735,35149144.71
Jacobson PLC,2021,142365,15045665.06
Jacobson PLC,2022,134172,14684624.74
Jacobson PLC,2023,214666,21650753.71
Carter Ltd,2003,232440,29038389.78
Carter Ltd,2004,133473,13943969.71
Carter Ltd,2016,414523,37587725.49
Carter Ltd,2017,318387,25750471.73
Carter Ltd,2018,72354,6793969.45
Carter Ltd,2019,293575,22187089.79
Carter Ltd,2020,70561,7117973.85
Oneill-Mahoney,2011,187740,23780080.88
Oneill-Mahoney,2012,65110,7159829.23
Ferguson-Kent,2011,29151,3083148.89
Ferguson-Kent,2012,255595,30244154.46
Ferguson-Kent,2013,53428,6144142.26
Ferguson-Kent,2014,452801,48452632.54
Ferguson-Kent,2015,337851,26128270.77
"Reynolds, Matthews and Hughes",2014,187907,22601882.15
"Reynolds, Matthews and Hughes",2015,340384,43655867.06
"Reynolds, Matthews and Hughes",2016,221460,22382703.91
"Reynolds, Matthews and Hughes",2017,270150,29153097.31
"Reynolds, Matthews and Hughes",2018,428056,53211741.89
"Reynolds, Matthews and Hughes",2019,353414,48712071.97
"Reynolds, Matthews and Hughes",2020,371416,31702012.05
"Reynolds, Matthews and Hughes",2021,438985,34262354.99
"Reynolds, Matthews and Hughes",2022,236796,23666256.04
"Fitzpatrick, Hawkins and Smith",2000,438470,37148513.36
"Fitzpatrick, Hawkins and Smith",2001,460868,38710342.55
"Fitzpatrick, Hawkins and Smith",2002,466226,56305121.42
"Fitzpatrick, Hawkins and Smith",2003,146051,15530007.39
"Fitzpatrick, Hawkins and Smith",2004,249503,35076893.05
"Fitzpatrick, Hawkins and Smith",2005,352224,27368277.24
"Fitzpatrick, Hawkins and Smith",2006,297208,41801876.71
"Fitzpatrick, Hawkins and Smith",2007,56745,7027301.99
"Fitzpatrick, Hawkins and Smith",2008,273355,26464213.56
"Fitzpatrick, Hawkins and Smith",2009,415758,51063519.12
"Fitzpatrick, Hawkins and Smith",2010,159763,13399051.61
"Fitzpatrick, Hawkins and Smith",2011,412236,35991421.85
"Fitzpatrick, Hawkins and Smith",2012,152094,17382426.79
"Fitzpatrick, Hawkins and Smith",2013,486988,73919563.27
"Fitzpatrick, Hawkins and Smith",2014,447790,31098796.26
"Fitzpatrick, Hawkins and Smith",2015,493148,26583068.33
"Fitzpatrick, Hawkins and Smith",2016,393208,40798843.63
"Fitzpatrick, Hawkins and Smith",2017,469947,41047913.28
"Fitzpatrick, Hawkins and Smith",2018,92328,8730063.58
"Fitzpatrick, Hawkins and Smith",2020,35540,3375646.28
"Fitzpatrick, Hawkins and Smith",2021,50812,5897275.55
"Fitzpatrick, Hawkins and Smith",2022,109946,10667500.51
"Fitzpatrick, Hawkins and Smith",2023,175870,16586790.98
"Fitzpatrick, Hawkins and Smith",2024,388699,38617725.84
"Fitzpatrick, Hawkins and Smith",2025,408085,25953468.41
Jackson-Garcia,2003,163627,13798803.42
Jackson-Garcia,2004,372994,41752703.02
Jackson-Garcia,2005,63433,7126981.22
Jackson-Garcia,2008,159128,18285410.4
Jackson-Garcia,2009,247038,35039529.12
Jackson-Garcia,2010,426468,59198169.66
Jackson-Garcia,2011,297292,36908279.85
Jackson-Garcia,2012,91453,10002062.31
Jackson-Garcia,2013,217101,27887604.47
Jackson-Garcia,2014,52001,4691171.89
Jackson-Garcia,2015,417280,35283175.13
Jackson-Garcia,2016,139286,14591225.78
Jackson-Garcia,2017,421343,43734373.89
Jackson-Garcia,2018,177118,16193809.07
Jackson-Garcia,2019,365986,37423657.33
"Spencer, Campbell and Valdez",2023,241341,18149112.47
"Spencer, Campbell and Valdez",2024,220571,27159205.92
"Spencer, Campbell and Valdez",2025,497830,53078319.69
Williams-Armstrong,2008,273872,25863141.36
Williams-Armstrong,2009,14689,1666616.79
Williams-Armstrong,2010,102968,8120207.09
Williams-Armstrong,2011,461115,50220476.77
Williams-Armstrong,2012,304664,33236319.49
Salas-Boyle,2006,106410,11240680.97
Salas-Boyle,2007,130887,14309274.05
Salas-Boyle,2008,473963,52852213.04
Salas-Boyle,2009,71533,7454588.86
Salas-Boyle,2010,302338,27255344.9
Salas-Boyle,2011,377047,35447847.65
Salas-Boyle,2012,264625,28768011.3
Salas-Boyle,2013,126355,12815929.69
Salas-Boyle,2014,437742,45205637.46
Salas-Boyle,2015,406105,46725252.85
Salas-Boyle,2016,151653,13653163.91
Salas-Boyle,2017,148595,14711904.02
Salas-Boyle,2021,498781,58646426.1
Salas-Boyle,2022,246809,22842256.34
Salas-Boyle,2023,85526,8211372.87
Salas-Boyle,2024,309307,31459253.03
Salas-Boyle,2025,367389,30236297.82
Wilson Group,2008,252671,19196451.76
Wilson Group,2016,411117,42549527.33
Wilson Group,2017,325264,25963144.4
Wilson Group,2018,127155,9736339.97
Wilson Group,2019,285769,32067866.31
Wilson Group,2020,136189,10363606.4
Wilson Group,2021,488642,36285263.92
Wilson Group,2022,196691,18778172.5
Wilson Group,2023,148265,14965245.48
Garner Inc,2020,95767,10722209.45
Garner Inc,2021,55330,6014604.03
Garner Inc,2022,362719,39618668.31
Garner Inc,2023,250880,22220081.68
Garner Inc,2024,254091,29278529.07
Garner Inc,2025,77872,8297586.68
Melton-Mclaughlin,2001,401890,32732866.99
Melton-Mclaughlin,2010,488790,59379285.97
Melton-Mclaughlin,2011,494944,67407519.64
Melton-Mclaughlin,2012,195028,16961015.91
"Hernandez, Evans and Jackson",2008,317462,27947864.64
"Hernandez, Evans and Jackson",2009,285013,25686623.46
"Hernandez, Evans and Jackson",2010,290730,23299172.74
"Hernandez, Evans and Jackson",2017,330231,29283297.57
"Hernandez, Evans and Jackson",2018,464122,50297323.23
"Hernandez, Evans and Jackson",2019,114143,10863333.63
"Hernandez, Evans and Jackson",2020,373461,39260350.53
"Hernandez, Evans and Jackson",2021,24248,2619674.04
"Hernandez, Evans and Jackson",2022,175875,21216271.07
"Hernandez, Evans and Jackson",2023,412473,35337508.5
"Hernandez, Evans and Jackson",2024,71843,8612890.01
"Hernandez, Evans and Jackson",2025,488025,46953498.01
Fischer-Wise,2003,270496,18290270.05
Fischer-Wise,2004,173166,13541089.88
Fischer-Wise,2017,96985,10442636.02
Gilbert Group,2001,276796,25672442.03
Gilbert Group,2002,425390,37886496.05
Gilbert Group,2003,148026,11274074.97
Gilbert Group,2004,486687,41714838.83
Gilbert Group,2005,427044,35570061.76
Gilbert Group,2006,396807,52356261.91
Gilbert Group,2007,63061,5949229.61
Gilbert Group,2008,114650,12111828.71
Gilbert Group,2009,494992,58711284.47
Gilbert Group,2010,279466,27598611.36
Gilbert Group,2011,191920,17722030.61
Gilbert Group,2012,456150,37700428.03
Gilbert Group,2018,110814,9104690.97
Gilbert Group,2019,464509,62919211.82
Gilbert Group,2020,71269,6031494.7
Gilbert Group,2021,484442,32559802.93
Gilbert Group,2022,373251,29982771.79
Gilbert Group,2023,441437,32924092.9
Gilbert Group,2024,385583,50247428.67
Gilbert Group,2025,101546,11423150.05
Young-Dillon,2013,271784,31017841.97
Young-Dillon,2014,201796,23575885.48
Young-Dillon,2015,203160,21108227.74
Williams LLC,2009,334840,29374963.6
Williams LLC,2010,193816,23129030.95
Williams LLC,2011,124130,12664308.53
Williams LLC,2012,37468,3446015.68
Williams LLC,2013,43056,4578049.68
Williams LLC,2014,427488,45764362.73
Wilson-Barker,2011,358574,31435754.17
Wilson-Barker,2012,497577,47527491.88
Wilson-Barker,2013,298016,32530544.22
Wilson-Barker,2014,445975,29703283.67
Davis-Allen,2003,170831,20121524.87
Davis-Allen,2004,12064,1543958.07
Davis-Allen,2005,443899,53394735.73
Davis-Allen,2006,421162,33341053.54
Davis-Allen,2007,290341,26945156.99
Davis-Allen,2008,134962,14191757.83
Davis-Allen,2009,277827,37510428.74
Davis-Allen,2010,176607,18870665.98
Davis-Allen,2011,428876,54580240.6
Davis-Allen,2012,453063,54783921.66
Davis-Allen,2013,283140,32735899.64
Davis-Allen,2014,167782,19914529.84
Davis-Allen,2015,470890,48700453.31
Davis-Allen,2016,198097,20337056.53
Davis-Allen,2017,381172,33144336.61
Davis-Allen,2024,17999,1678196.5
Davis-Allen,2025,7859,912848.91
"Camacho, Morris and Rios",2004,284983,27474631.18
"Camacho, Morris and Rios",2005,374393,41325506.9
"Camacho, Morris and Rios",2006,113701,12455510.84
"Camacho, Morris and Rios",2007,211048,22783143.19
"Camacho, Morris and Rios",2019,439164,34228181.62
"Camacho, Morris and Rios",2020,446414,55320493.55
"Camacho, Morris and Rios",2021,418247,48325840.7
"Camacho, Morris and Rios",2022,263347,21105727.62
"Camacho, Morris and Rios",2023,4748,430662.96
"Camacho, Morris and Rios",2024,371180,42248494.04
"Camacho, Morris and Rios",2025,348823,30855905.64
"Williams, Pratt and Williams",2005,353156,38398911.44
"Williams, Pratt and Williams",2006,383865,38596827.45
"Williams, Pratt and Williams",2007,298647,34422442.79
"Williams, Pratt and Williams",2008,427940,38557594.41
"Williams, Pratt and Williams",2009,374747,41685543.24
"Williams, Pratt and Williams",2010,26525,2555757.63
"Williams, Pratt and Williams",2011,427149,38785313.72
